City_ID,City,Country,Date,Lat,Lng,Max Temp,Humidity,Cloudiness,Wind Speed
0,Marataizes,BR,2022-07-27 00:27:54,-21.0433,-40.8244,69.69,86,35,8.99
1,Tuktoyaktuk,CA,2022-07-27 00:27:54,69.4541,-133.0374,62.6,59,75,21.85
2,Punta Arenas,CL,2022-07-27 00:27:55,-53.15,-70.9167,30.31,93,0,10.36
3,Aldan,RU,2022-07-27 00:27:55,58.6031,125.3894,75.49,52,5,3.04
4,Chokurdakh,RU,2022-07-27 00:23:21,70.6333,147.9167,55.87,42,47,10.78
5,East London,ZA,2022-07-27 00:23:15,-33.0153,27.9116,64.62,41,23,3.78
6,Port Alfred,ZA,2022-07-27 00:27:56,-33.5906,26.891,64.83,46,35,10.76
7,Vaini,TO,2022-07-27 00:23:24,-21.2,-175.2,73.74,73,99,12.48
8,Bafata,GW,2022-07-27 00:27:56,12.1667,-14.75,74.16,97,90,4.21
9,Busselton,AU,2022-07-27 00:27:57,-33.65,115.3333,49.91,82,34,7.2
10,Nelson Bay,AU,2022-07-27 00:27:57,-32.7167,152.15,57.99,62,4,20.0
11,Pangody,RU,2022-07-27 00:27:57,65.85,74.4859,48.67,87,2,6.53
12,Dunedin,NZ,2022-07-27 00:26:52,-45.8742,170.5036,46.65,96,100,9.24
13,Hamilton,US,2022-07-27 00:23:03,39.1834,-84.5333,78.76,82,40,0.0
14,Albany,US,2022-07-27 00:25:55,42.6001,-73.9662,71.22,68,61,5.08
15,Atuona,PF,2022-07-27 00:27:58,-9.8,-139.0333,77.05,76,11,15.28
16,Geraldton,AU,2022-07-27 00:27:59,-28.7667,114.6,48.61,81,0,11.5
17,Yanggu,CN,2022-07-27 00:27:59,36.1106,115.7753,80.19,77,3,1.39
18,Hermanus,ZA,2022-07-27 00:28:00,-34.4187,19.2345,55.53,86,64,1.34
19,Ahipara,NZ,2022-07-27 00:28:00,-35.1667,173.1667,59.14,73,98,11.97
20,Narsaq,GL,2022-07-27 00:28:00,60.9167,-46.05,53.82,91,21,1.63
21,Jamestown,US,2022-07-27 00:24:01,42.097,-79.2353,72.99,51,0,8.05
22,Itarema,BR,2022-07-27 00:28:01,-2.9248,-39.9167,77.72,76,73,13.11
23,Havelock,US,2022-07-27 00:24:53,34.8791,-76.9013,84.18,89,93,5.99
24,Nanortalik,GL,2022-07-27 00:28:01,60.1432,-45.2371,43.92,91,78,2.33
25,Arraial Do Cabo,BR,2022-07-27 00:24:40,-22.9661,-42.0278,69.76,83,40,5.75
26,Spring Hill,US,2022-07-27 00:24:18,28.4769,-82.5255,75.31,100,0,4.61
27,Castro,BR,2022-07-27 00:23:23,-24.7911,-50.0119,57.52,74,0,3.6
28,Provideniya,RU,2022-07-27 00:28:02,64.3833,-173.3,51.91,66,0,18.01
29,Umuarama,BR,2022-07-27 00:23:44,-23.7664,-53.325,68.65,55,0,5.91
30,Jiaozuo,CN,2022-07-27 00:28:03,35.2397,113.2331,78.08,82,72,5.19
31,Cape Town,ZA,2022-07-27 00:28:03,-33.9258,18.4232,54.12,93,20,1.14
32,Wilmington,US,2022-07-27 00:26:42,34.2257,-77.9447,84.11,77,0,12.66
33,Nagyatad,HU,2022-07-27 00:28:04,46.2296,17.3579,63.32,88,10,5.46
34,Surt,LY,2022-07-27 00:28:04,31.2089,16.5887,79.03,72,0,4.47
35,Cabo San Lucas,MX,2022-07-27 00:24:34,22.8909,-109.9124,92.5,61,20,17.27
36,Talara,PE,2022-07-27 00:28:05,-4.5772,-81.2719,65.16,88,40,16.11
37,Kenora,CA,2022-07-27 00:23:16,49.8167,-94.4337,68.97,56,75,9.22
38,Katangli,RU,2022-07-27 00:28:05,51.7102,143.2326,54.45,95,100,5.91
39,Intipuca,SV,2022-07-27 00:28:06,13.1969,-88.0544,85.95,79,95,2.68
40,Yendi,GH,2022-07-27 00:28:06,9.4427,-0.0099,71.44,92,96,4.56
41,New Norfolk,AU,2022-07-27 00:23:14,-42.7826,147.0587,52.72,73,53,5.01
42,Mariakani,KE,2022-07-27 00:28:06,-3.8633,39.4736,67.71,92,83,6.78
43,Barrow,US,2022-07-27 00:26:04,71.2906,-156.7887,35.62,93,100,13.8
44,Padang,ID,2022-07-27 00:25:56,-0.9492,100.3543,73.45,85,100,3.24
45,Thompson,CA,2022-07-27 00:28:07,55.7435,-97.8558,60.96,88,75,4.61
46,General Roca,AR,2022-07-27 00:28:08,-39.0333,-67.5833,40.62,93,100,9.95
47,Krasnoselkup,RU,2022-07-27 00:29:08,65.7,82.4667,58.44,70,48,9.44
48,Rikitea,PF,2022-07-27 00:29:09,-23.1203,-134.9692,75.09,72,42,10.07
49,Ushuaia,AR,2022-07-27 00:27:59,-54.8,-68.3,33.46,69,0,8.05
50,Keningau,MY,2022-07-27 00:29:09,5.3378,116.1602,74.08,94,92,1.07
51,Kaitangata,NZ,2022-07-27 00:29:10,-46.2817,169.8464,45.79,97,100,11.01
52,Hambantota,LK,2022-07-27 00:29:10,6.1241,81.1185,75.54,100,20,2.3
53,Bredasdorp,ZA,2022-07-27 00:29:10,-34.5322,20.0403,49.93,94,68,5.95
54,Ust-Kuyga,RU,2022-07-27 00:29:11,70.0167,135.6,70.86,58,75,0.76
55,Qaanaaq,GL,2022-07-27 00:29:11,77.484,-69.3632,42.44,68,40,2.28
56,Pevek,RU,2022-07-27 00:29:12,69.7008,170.3133,34.32,87,89,11.05
57,Salalah,OM,2022-07-27 00:27:44,17.0151,54.0924,75.29,100,100,10.36
58,Ballina,AU,2022-07-27 00:29:12,-28.8667,153.5667,58.78,49,0,12.37
59,Yulara,AU,2022-07-27 00:24:29,-25.2406,130.9889,48.54,47,0,10.87
60,Bereznik,RU,2022-07-27 00:29:13,62.8551,42.7072,55.96,87,25,4.81
61,Bhadrachalam,IN,2022-07-27 00:29:13,17.6667,80.8833,75.13,96,100,1.03
62,Onhaye,BE,2022-07-27 00:29:14,50.2426,4.8433,58.8,77,75,6.91
63,Puerto Madryn,AR,2022-07-27 00:24:35,-42.7692,-65.0385,46.0,95,100,8.48
64,Cabras,IT,2022-07-27 00:29:14,39.93,8.5314,75.52,70,0,9.01
65,Puerto Ayora,EC,2022-07-27 00:29:14,-0.7393,-90.3518,70.56,92,100,3.0
66,Mikhaylovka,RU,2022-07-27 00:29:15,50.06,43.2379,64.71,81,73,3.87
67,Laguna,US,2022-07-27 00:29:15,38.421,-121.4238,101.32,28,0,12.66
68,Darmanesti,RO,2022-07-27 00:29:15,46.3667,26.4833,70.66,78,0,4.85
69,Saint-Philippe,RE,2022-07-27 00:29:16,-21.3585,55.7679,65.79,84,35,11.03
70,Mataura,NZ,2022-07-27 00:29:16,-46.1927,168.8643,44.47,96,100,5.86
71,Port-Gentil,GA,2022-07-27 00:26:55,-0.7193,8.7815,74.16,83,82,14.63
72,Kavieng,PG,2022-07-27 00:29:17,-2.5744,150.7967,84.9,64,66,13.11
73,Amot,NO,2022-07-27 00:29:17,59.5714,7.9877,52.75,84,71,6.58
74,Vao,NC,2022-07-27 00:29:18,-22.6667,167.4833,68.43,64,0,9.26
75,Pisco,PE,2022-07-27 00:29:18,-13.7,-76.2167,60.85,88,20,9.22
76,Lebu,CL,2022-07-27 00:26:38,-37.6167,-73.65,51.4,85,2,14.56
77,Princeton,US,2022-07-27 00:29:18,25.5384,-80.4089,82.99,94,0,3.44
78,Grand Gaube,MU,2022-07-27 00:29:19,-20.0064,57.6608,68.38,78,5,1.01
79,Avarua,CK,2022-07-27 00:29:19,-21.2078,-159.775,75.25,60,40,16.11
80,Port Macquarie,AU,2022-07-27 00:29:20,-31.4333,152.9167,59.9,47,0,12.46
81,Sahuaripa,MX,2022-07-27 00:29:20,29.05,-109.2333,82.45,67,45,4.7
82,Torbay,CA,2022-07-27 00:29:20,47.6666,-52.7314,68.77,92,100,19.57
83,Basoko,CD,2022-07-27 00:29:21,1.2391,23.616,72.14,94,100,3.89
84,Mandurah,AU,2022-07-27 00:29:05,-32.55,115.7,51.91,85,33,7.54
85,Tiksi,RU,2022-07-27 00:28:59,71.6872,128.8694,54.36,75,75,4.12
86,Hobart,AU,2022-07-27 00:29:21,-42.8794,147.3294,53.06,76,20,8.05
87,Machakos,KE,2022-07-27 00:29:22,-1.5167,37.2667,57.15,90,89,1.3
88,Atar,MR,2022-07-27 00:29:22,20.5169,-13.0499,89.94,45,68,7.45
89,Ribeira Brava,PT,2022-07-27 00:29:23,32.65,-17.0667,75.83,59,4,3.53
90,Port Elizabeth,ZA,2022-07-27 00:29:23,-33.918,25.5701,61.32,63,0,14.97
91,Grindavik,IS,2022-07-27 00:30:24,63.8424,-22.4338,55.35,100,100,16.11
92,Hithadhoo,MV,2022-07-27 00:30:24,-0.6,73.0833,76.3,92,100,13.33
93,Haines Junction,CA,2022-07-27 00:30:25,60.7522,-137.5108,69.75,37,97,17.27
94,Prado,BR,2022-07-27 00:30:25,-17.3411,-39.2208,69.82,83,4,7.58
95,Hovd,MN,2022-07-27 00:25:27,48.0056,91.6419,60.84,37,4,2.01
96,Kalmunai,LK,2022-07-27 00:30:25,7.4167,81.8167,79.39,84,96,7.16
97,Esperance,AU,2022-07-27 00:29:15,-33.8667,121.9,53.44,77,94,3.2
98,Khatanga,RU,2022-07-27 00:30:26,71.9667,102.5,75.22,44,100,8.34
99,Anloga,GH,2022-07-27 00:30:26,5.7947,0.8973,75.25,88,78,16.08
100,Valle Del Guamuez,CO,2022-07-27 00:30:27,0.4525,-76.9192,70.27,99,100,1.45
101,Nhulunbuy,AU,2022-07-27 00:30:27,-12.2333,136.7667,81.21,61,40,19.57
102,Corrente,BR,2022-07-27 00:30:27,-3.7367,-43.3394,74.3,60,35,1.81
103,Norman Wells,CA,2022-07-27 00:30:28,65.282,-126.8329,57.24,94,100,17.27
104,San Patricio,US,2022-07-27 00:30:28,28.017,-97.5169,90.84,57,100,14.72
105,Dillon,US,2022-07-27 00:30:29,34.4166,-79.3712,89.58,59,63,8.75
106,Cidreira,BR,2022-07-27 00:29:02,-30.1811,-50.2056,61.39,93,38,14.56
107,Riviere-Au-Renard,CA,2022-07-27 00:30:29,48.9957,-64.3971,66.49,85,92,6.29
108,Kjopsvik,NO,2022-07-27 00:30:30,68.097,16.3742,55.17,99,100,6.06
109,Aswan,EG,2022-07-27 00:30:30,24.0934,32.907,86.04,18,28,8.72
110,Lavrentiya,RU,2022-07-27 00:30:30,65.5833,-171.0,42.35,79,77,14.58
111,Dikson,RU,2022-07-27 00:30:31,73.5069,80.5464,43.52,97,100,22.48
112,Carballo,ES,2022-07-27 00:30:31,43.213,-8.691,64.09,88,14,6.42
113,Buraydah,SA,2022-07-27 00:30:29,26.326,43.975,90.05,17,100,7.11
114,Kapaa,US,2022-07-27 00:30:32,22.0752,-159.319,85.98,71,100,19.57
115,Hilo,US,2022-07-27 00:28:20,19.7297,-155.09,91.27,88,100,3.44
116,Woodward,US,2022-07-27 00:30:32,36.4337,-99.3904,103.23,23,0,19.57
117,Mindelo,CV,2022-07-27 00:30:32,16.8901,-24.9804,78.35,78,20,5.75
118,Vardo,NO,2022-07-27 00:30:33,70.3705,31.1107,57.18,100,75,9.22
119,Nouadhibou,MR,2022-07-27 00:30:33,20.931,-17.0347,78.78,89,0,6.91
120,Georgetown,MY,2022-07-27 00:30:13,5.4112,100.3354,82.89,90,20,2.3
121,Xining,CN,2022-07-27 00:27:02,36.6167,101.7667,56.68,74,88,3.09
122,Chuy,UY,2022-07-27 00:30:34,-33.6971,-53.4616,58.91,96,25,6.17
123,Beringovskiy,RU,2022-07-27 00:30:34,63.05,179.3167,46.47,95,100,9.86
124,Ulladulla,AU,2022-07-27 00:26:42,-35.35,150.4667,56.16,48,8,9.86
125,Oistins,BB,2022-07-27 00:27:56,13.0667,-59.5333,80.69,74,20,17.27
126,Ribeira Grande,PT,2022-07-27 00:26:37,38.5167,-28.7,74.26,85,39,6.35
127,Requena,ES,2022-07-27 00:30:35,39.4883,-1.1004,72.79,91,51,4.81
128,Balykshi,KZ,2022-07-27 00:30:35,47.0667,51.8667,69.8,88,0,4.47
129,Bengkulu,ID,2022-07-27 00:30:36,-3.8004,102.2655,77.38,82,97,3.11
130,Tuatapere,NZ,2022-07-27 00:30:36,-46.1333,167.6833,45.57,95,100,4.29
131,Upernavik,GL,2022-07-27 00:30:33,72.7868,-56.1549,38.07,88,94,8.59
132,Naze,JP,2022-07-27 00:30:37,28.3667,129.4833,85.12,72,14,5.86
133,Praia,CV,2022-07-27 00:30:37,14.9215,-23.5087,79.34,83,20,3.44
134,Kamenka,RU,2022-07-27 00:30:38,51.3223,42.7678,62.74,91,10,4.59
135,Iskateley,RU,2022-07-27 00:30:38,67.6803,53.1512,52.45,77,97,7.9
136,Ust-Tsilma,RU,2022-07-27 00:30:38,65.441,52.1498,53.71,70,92,4.07
137,Leningradskiy,RU,2022-07-27 00:29:16,69.3833,178.4167,35.13,95,100,6.49
138,Lorengau,PG,2022-07-27 00:31:39,-2.0226,147.2712,84.7,71,20,10.0
139,Marystown,CA,2022-07-27 00:31:39,47.1666,-55.1483,64.85,100,100,1.01
140,Saldanha,ZA,2022-07-27 00:26:40,-33.0117,17.9442,53.65,90,5,7.0
141,Lampa,CL,2022-07-27 00:31:40,-33.2833,-70.9,52.65,76,0,5.75
142,Turukhansk,RU,2022-07-27 00:31:40,65.8167,87.9833,62.64,66,0,1.97
143,Kirakira,SB,2022-07-27 00:31:40,-10.4544,161.9205,83.28,75,96,5.97
144,Morgan City,US,2022-07-27 00:31:41,29.6994,-91.2068,83.01,87,100,5.61
145,Petropavlovsk-Kamchatskiy,RU,2022-07-27 00:31:41,53.0452,158.6483,64.99,68,75,4.47
146,Codrington,AU,2022-07-27 00:29:35,-38.2667,141.9667,53.42,89,87,12.06
147,Faanui,PF,2022-07-27 00:31:42,-16.4833,-151.75,78.44,73,22,9.31
148,Saskylakh,RU,2022-07-27 00:31:42,71.9167,114.0833,75.04,58,19,10.78
149,Gori,GE,2022-07-27 00:31:42,41.9842,44.1158,63.14,96,100,2.01
150,Bambous Virieux,MU,2022-07-27 00:31:43,-20.3428,57.7575,68.22,94,75,3.44
151,Champerico,GT,2022-07-27 00:31:43,14.3,-91.9167,81.14,74,44,2.1
152,Yining,CN,2022-07-27 00:31:44,29.0361,114.5636,91.58,56,56,2.01
153,Kodiak,US,2022-07-27 00:30:35,57.79,-152.4072,53.11,71,0,8.05
154,Poum,NC,2022-07-27 00:31:44,-20.2333,164.0167,74.66,71,0,8.66
155,Owando,CG,2022-07-27 00:31:45,-0.4819,15.8999,71.11,88,100,3.74
156,Butaritari,KI,2022-07-27 00:31:45,3.0707,172.7902,81.9,76,6,19.69
157,Te Anau,NZ,2022-07-27 00:31:45,-45.4167,167.7167,43.43,95,100,2.84
158,Viking,CA,2022-07-27 00:31:46,53.1001,-111.7684,73.26,70,100,2.98
159,Kaposvar,HU,2022-07-27 00:31:46,46.3667,17.8,63.41,86,5,4.43
160,Victoria,HK,2022-07-27 00:27:54,22.2855,114.1577,88.32,74,1,5.01
161,Chapada Dos Guimaraes,BR,2022-07-27 00:31:47,-15.4606,-55.7497,71.26,35,6,6.11
162,Talnakh,RU,2022-07-27 00:31:47,69.4865,88.3972,60.21,60,96,5.17
163,Porto Velho,BR,2022-07-27 00:31:47,-8.7619,-63.9039,75.25,64,0,3.44
164,Korla,CN,2022-07-27 00:31:48,41.7597,86.1469,87.12,16,6,2.93
165,Nome,US,2022-07-27 00:31:48,64.5011,-165.4064,48.27,71,100,17.27
166,Llangefni,GB,2022-07-27 00:31:48,53.2556,-4.3106,51.12,87,40,2.3
167,Bay Roberts,CA,2022-07-27 00:31:49,47.5999,-53.2648,69.55,94,100,4.0
168,Bluff,NZ,2022-07-27 00:31:49,-46.6,168.3333,44.8,91,100,20.36
169,Bozeman,US,2022-07-27 00:29:35,45.6796,-111.0386,87.22,28,0,1.99
170,Namatanai,PG,2022-07-27 00:31:50,-3.6667,152.4333,84.88,62,63,7.67
171,Abu Dhabi,AE,2022-07-27 00:27:16,24.4667,54.3667,91.42,57,0,9.22
172,Ponta Do Sol,PT,2022-07-27 00:31:45,32.6667,-17.1,75.83,59,0,5.86
173,Sinnamary,GF,2022-07-27 00:31:50,5.3833,-52.95,78.87,81,12,5.06
174,Fukue,JP,2022-07-27 00:31:51,32.6881,128.8419,80.96,78,20,5.75
175,Portland,US,2022-07-27 00:28:55,45.5234,-122.6762,104.56,27,0,5.75
176,Chibuto,MZ,2022-07-27 00:31:51,-24.6867,33.5306,55.96,81,0,4.92
177,Jiuquan,CN,2022-07-27 00:31:52,39.7432,98.5174,83.25,13,0,12.91
178,Magadan,RU,2022-07-27 00:31:52,59.5667,150.8,70.54,79,91,5.23
179,Hadejia,NG,2022-07-27 00:31:53,12.4498,10.0444,80.73,69,100,12.93
180,Merta,IN,2022-07-27 00:31:53,26.65,74.0333,77.56,92,99,12.68
181,Sao Filipe,CV,2022-07-27 00:31:53,14.8961,-24.4956,77.2,85,65,2.84
182,Sawakin,SD,2022-07-27 00:31:54,19.1059,37.3321,93.16,51,100,1.39
183,Shache,CN,2022-07-27 00:32:54,38.4167,77.2406,85.71,21,4,1.7
184,Mahebourg,MU,2022-07-27 00:32:55,-20.4081,57.7,68.25,94,75,3.44
185,Havoysund,NO,2022-07-27 00:32:55,70.9963,24.6622,53.83,96,100,11.83
186,Luderitz,NA,2022-07-27 00:32:55,-26.6481,15.1594,53.94,78,0,2.66
187,Nola,IT,2022-07-27 00:32:56,40.922,14.5329,79.21,88,0,0.74
188,Harwich,GB,2022-07-27 00:32:56,51.9419,1.2844,60.26,82,100,1.99
189,Coos Bay,US,2022-07-27 00:32:56,43.3665,-124.2179,77.31,83,0,10.36
190,Podosinovets,RU,2022-07-27 00:32:57,60.2776,47.0659,53.51,81,90,4.36
191,Veere,NL,2022-07-27 00:32:57,51.5483,3.6667,61.02,77,29,4.61
192,Paita,PE,2022-07-27 00:32:58,-5.0892,-81.1144,64.53,84,100,18.59
193,Saint-Pierre,RE,2022-07-27 00:30:26,-21.3393,55.4781,65.91,67,0,8.05
194,Zhigansk,RU,2022-07-27 00:32:58,66.7697,123.3711,73.71,56,21,4.25
195,Benidorm,ES,2022-07-27 00:32:59,38.5382,-0.131,82.49,88,85,1.01
196,Hasaki,JP,2022-07-27 00:31:00,35.7333,140.8333,88.29,81,98,17.31
197,Belaya Gora,RU,2022-07-27 00:32:59,68.5333,146.4167,59.56,39,27,13.11
198,Yellowknife,CA,2022-07-27 00:29:02,62.456,-114.3525,70.32,52,20,8.05
199,Port Hedland,AU,2022-07-27 00:33:00,-20.3167,118.5667,68.05,37,0,10.36
200,Daru,PG,2022-07-27 00:33:00,-9.0763,143.2092,78.87,79,78,14.47
201,Broken Hill,AU,2022-07-27 00:33:00,-31.95,141.4333,53.17,57,9,6.11
202,Sesheke,ZM,2022-07-27 00:33:01,-17.4759,24.2968,54.09,53,0,4.65
203,Pafos,CY,2022-07-27 00:33:01,34.7667,32.4167,76.78,44,0,5.75
204,Smirnykh,RU,2022-07-27 00:32:10,49.75,142.8333,68.45,74,100,2.55
205,Fortuna,US,2022-07-27 00:32:40,40.5982,-124.1573,65.93,76,36,4.0
206,Tautira,PF,2022-07-27 00:30:21,-17.7333,-149.15,75.94,83,95,12.1
207,Dejen,ET,2022-07-27 00:33:02,10.1667,38.1333,52.7,96,100,2.66
208,Les Ponts-De-Ce,FR,2022-07-27 00:33:02,47.4231,-0.5248,58.06,73,0,6.11
209,Gazanjyk,TM,2022-07-27 00:33:03,39.2446,55.5154,84.27,27,100,9.26
210,Constitucion,CL,2022-07-27 00:33:03,-35.3333,-72.4167,51.42,93,99,5.84
211,Adelaide,AU,2022-07-27 00:30:50,-34.9333,138.6,54.21,80,75,9.22
212,Saint-Louis,SN,2022-07-27 00:33:04,16.3333,-15.0,85.64,59,80,13.02
213,Ostrovnoy,RU,2022-07-27 00:33:04,68.0531,39.5131,60.4,73,97,19.75
214,Dubki,RU,2022-07-27 00:33:05,43.0225,46.8372,63.97,66,100,2.37
215,Tra Vinh,VN,2022-07-27 00:33:05,9.9347,106.3453,78.13,86,100,1.83
216,Bilibino,RU,2022-07-27 00:33:05,68.0546,166.4372,48.87,47,34,14.09
217,Chaman,PK,2022-07-27 00:33:06,30.9236,66.4512,79.25,66,3,4.81
218,Ravar,IR,2022-07-27 00:33:06,31.2656,56.8055,82.53,55,82,4.99
219,Umm Kaddadah,SD,2022-07-27 00:31:48,13.6017,26.6876,84.33,53,100,15.12
220,Phuket,TH,2022-07-27 00:31:14,8.0,98.25,86.09,100,20,3.44
221,Hope,US,2022-07-27 00:33:07,33.6671,-93.5916,100.45,50,87,8.63
222,Ancud,CL,2022-07-27 00:33:07,-41.8697,-73.8203,49.23,94,98,8.46
223,Knysna,ZA,2022-07-27 00:33:08,-34.0363,23.0471,56.73,76,82,9.01
224,Ngunguru,NZ,2022-07-27 00:33:08,-35.6167,174.5,60.75,64,13,13.85
225,Marawi,PH,2022-07-27 00:33:09,7.9986,124.2928,79.38,68,49,2.77
226,Gornopravdinsk,RU,2022-07-27 00:33:09,60.05,69.9,56.07,75,56,6.73
227,Tongchuan,CN,2022-07-27 00:33:09,35.0806,109.0897,71.53,95,100,2.59
228,Camacha,PT,2022-07-27 00:34:10,33.0833,-16.3333,67.42,83,40,14.97
229,Waling,NP,2022-07-27 00:34:10,27.9833,83.7667,73.63,91,99,0.83
230,Solnechnyy,RU,2022-07-27 00:34:10,50.7214,136.6319,66.88,76,85,3.27
231,Betioky,MG,2022-07-27 00:34:11,-23.7167,44.3833,56.12,82,0,3.87
232,Swidnica,PL,2022-07-27 00:34:11,50.8438,16.4886,60.67,81,10,5.23
233,Nikolskoye,RU,2022-07-27 00:30:26,59.7035,30.7861,66.79,91,100,5.01
234,Imeni Poliny Osipenko,RU,2022-07-27 00:34:12,52.4201,136.4853,65.3,74,40,3.8
235,Moerai,PF,2022-07-27 00:34:12,-22.4333,-151.3333,70.7,61,2,21.79
236,Maniitsoq,GL,2022-07-27 00:34:12,65.4167,-52.9,40.37,92,70,8.86
237,Cherskiy,RU,2022-07-27 00:34:13,68.75,161.3,52.84,45,14,8.81
238,Puerto Del Rosario,ES,2022-07-27 00:34:13,28.5004,-13.8627,82.15,44,0,10.36
239,Praya,CV,2022-07-27 00:34:14,14.9215,-23.5087,79.34,83,20,3.44
240,Lagoa,PT,2022-07-27 00:34:14,39.05,-27.9833,72.84,89,8,11.43
241,Bethel,US,2022-07-27 00:34:14,41.3712,-73.414,77.36,66,100,4.0
242,Arroyo,ES,2022-07-27 00:34:15,41.6096,-4.7969,62.15,71,0,11.5
243,Quelimane,MZ,2022-07-27 00:34:15,-17.8786,36.8883,62.55,94,0,3.44
244,Sabang,ID,2022-07-27 00:34:16,5.8933,95.3214,80.67,76,100,5.14
245,Nichinan,JP,2022-07-27 00:34:16,31.6,131.3667,82.08,72,3,11.32
246,Coihaique,CL,2022-07-27 00:30:24,-45.5752,-72.0662,31.95,93,100,3.44
247,Riverton,US,2022-07-27 00:34:16,40.5219,-111.9391,95.56,14,0,11.5
248,Ekhabi,RU,2022-07-27 00:34:17,53.5102,142.9671,59.67,79,100,5.97
249,Sao Joao Da Barra,BR,2022-07-27 00:34:17,-21.6403,-41.0511,70.16,85,0,9.69
250,Shambu,ET,2022-07-27 00:34:18,9.5667,37.1,51.26,98,100,0.34
251,Adrar,MR,2022-07-27 00:30:22,20.5022,-10.0711,97.84,18,5,10.65
252,Nisia Floresta,BR,2022-07-27 00:34:18,-6.0911,-35.2086,77.38,92,4,6.67
253,Tabou,CI,2022-07-27 00:34:18,4.423,-7.3528,75.11,82,94,9.17
254,Marsa Matruh,EG,2022-07-27 00:34:19,31.3525,27.2453,77.68,82,0,10.13
255,Juxtlahuaca,MX,2022-07-27 00:34:19,17.4294,-99.1467,71.31,98,100,5.64
256,Sisimiut,GL,2022-07-27 00:30:17,66.9395,-53.6735,41.68,89,91,4.79
257,Farafangana,MG,2022-07-27 00:34:20,-22.8167,47.8333,64.76,88,32,4.5
258,Mokhsogollokh,RU,2022-07-27 00:34:20,61.4681,128.9203,78.6,43,13,3.42
259,Nalut,LY,2022-07-27 00:34:20,30.3333,10.85,79.59,17,0,9.48
260,Kavaratti,IN,2022-07-27 00:34:21,10.5669,72.642,81.45,77,100,16.11
261,Manchester,GB,2022-07-27 00:34:06,53.4809,-2.2374,56.28,88,22,3.44
262,Tasiilaq,GL,2022-07-27 00:34:21,65.6145,-37.6368,41.16,94,100,2.8
263,Mar Del Plata,AR,2022-07-27 00:34:22,-38.0023,-57.5575,55.09,98,100,5.75
264,Bredy,RU,2022-07-27 00:34:22,52.4153,60.3411,61.63,91,99,13.24
265,Moses Lake,US,2022-07-27 00:33:40,47.1301,-119.2781,101.08,17,0,9.22
266,Arlit,NE,2022-07-27 00:34:22,18.7369,7.3853,94.44,11,10,6.31
267,Regina,CA,2022-07-27 00:33:03,50.4501,-104.6178,66.04,75,20,6.91
268,Mount Gambier,AU,2022-07-27 00:31:48,-37.8333,140.7667,54.28,83,100,10.71
269,Souillac,MU,2022-07-27 00:34:23,-20.5167,57.5167,66.58,94,75,3.44
270,Simbahan,PH,2022-07-27 00:34:24,6.3032,120.5836,82.13,76,100,9.75
271,La Palma,US,2022-07-27 00:32:20,33.8464,-118.0467,94.66,60,40,11.5
272,Guaratinga,BR,2022-07-27 00:34:24,-16.5667,-39.5667,63.82,97,25,3.18
273,Nantucket,US,2022-07-27 00:34:22,41.2835,-70.0995,75.31,83,0,10.36
274,Parakai,NZ,2022-07-27 00:35:25,-36.65,174.4333,62.47,76,96,15.1
275,Severo-Kurilsk,RU,2022-07-27 00:35:25,50.6789,156.125,55.02,82,100,6.42
276,Aykhal,RU,2022-07-27 00:33:17,66.0,111.5,75.61,66,12,16.28
277,Iqaluit,CA,2022-07-27 00:34:27,63.7506,-68.5145,44.33,81,20,8.05
278,Clyde River,CA,2022-07-27 00:32:28,70.4692,-68.5914,39.43,100,100,0.0
279,Fort Nelson,CA,2022-07-27 00:30:50,58.8053,-122.7002,85.59,39,75,3.44
280,San Juan,AR,2022-07-27 00:30:45,-31.5375,-68.5364,57.25,74,89,11.41
281,Olafsvik,IS,2022-07-27 00:35:26,64.8945,-23.7142,53.19,96,100,16.78
282,Mehamn,NO,2022-07-27 00:35:26,71.0357,27.8492,57.15,94,100,0.0
283,Ola,RU,2022-07-27 00:33:12,59.5833,151.2833,71.15,84,94,7.0
284,Sobolevo,RU,2022-07-27 00:35:27,54.4299,31.8996,60.26,90,8,2.13
285,Palembang,ID,2022-07-27 00:35:27,-2.9167,104.7458,77.09,94,20,2.3
286,Puerto Colombia,CO,2022-07-27 00:35:28,10.9878,-74.9547,80.69,84,100,8.68
287,Rancho Veloz,CU,2022-07-27 00:35:28,22.8806,-80.3917,79.38,86,37,13.06
288,Faya,SA,2022-07-27 00:35:28,18.3851,42.4509,64.92,60,100,3.74
289,Saravan,AM,2022-07-27 00:35:29,39.7196,45.6483,59.0,62,6,6.38
290,Pechenga,RU,2022-07-27 00:35:29,69.5259,31.1703,61.66,95,100,14.25
291,Boralday,KZ,2022-07-27 00:35:30,43.3578,76.8594,69.66,37,75,2.24
292,Avera,US,2022-07-27 00:35:30,33.194,-82.5271,87.31,62,98,5.14
293,Luba,GQ,2022-07-27 00:35:30,3.4568,8.5547,76.89,90,99,9.1
294,Wajir,KE,2022-07-27 00:35:31,1.7471,40.0573,70.21,75,30,13.33
295,Kuandian,CN,2022-07-27 00:35:31,40.7286,124.7847,80.37,78,8,3.8
296,Lompoc,US,2022-07-27 00:35:31,34.6391,-120.4579,83.01,73,0,16.11
297,Kibaek,DK,2022-07-27 00:35:32,56.0317,8.857,55.65,66,100,18.92
298,Katsuura,JP,2022-07-27 00:35:32,35.1333,140.3,82.72,82,76,15.46
299,Brigantine,US,2022-07-27 00:30:41,39.4101,-74.3646,73.6,82,100,4.61
300,Kuybysheve,UA,2022-07-27 00:35:33,47.358,36.6491,59.47,95,8,6.98
301,Baruun-Urt,MN,2022-07-27 00:35:33,46.6806,113.2792,66.99,57,5,6.78
302,Mirnyy,RU,2022-07-27 00:35:33,62.5353,113.9611,77.23,61,31,1.99
303,San Cristobal,VE,2022-07-27 00:35:34,7.7669,-72.225,71.78,96,97,2.26
304,Touros,BR,2022-07-27 00:35:33,-5.1989,-35.4608,74.32,86,1,11.21
305,Buchanan,LR,2022-07-27 00:35:34,5.8808,-10.0467,75.52,83,84,7.18
306,Adre,TD,2022-07-27 00:35:35,13.4667,22.2,72.14,84,90,10.09
307,Canoinhas,BR,2022-07-27 00:35:35,-26.1772,-50.39,55.11,97,8,2.71
308,Newton,US,2022-07-27 00:35:35,42.337,-71.2092,75.7,59,0,8.05
309,Zhenhai,CN,2022-07-27 00:35:36,24.2582,118.0905,84.88,77,4,7.61
310,Nyurba,RU,2022-07-27 00:35:36,63.2842,118.3319,81.91,59,6,7.2
311,Margate,GB,2022-07-27 00:31:46,51.3813,1.3862,61.3,75,100,1.01
312,Shahrud,IR,2022-07-27 00:35:37,36.4182,54.9763,72.27,59,6,7.16
313,Sola,VU,2022-07-27 00:35:37,-13.8833,167.55,86.67,79,40,3.44
314,Bure,ET,2022-07-27 00:35:38,10.7,37.0667,56.89,96,100,2.21
315,Swan Hill,AU,2022-07-27 00:35:14,-35.3378,143.5544,56.21,62,90,12.21
316,Aripuana,BR,2022-07-27 00:35:38,-9.1667,-60.6333,75.7,47,72,2.37
317,Russellville,US,2022-07-27 00:31:09,35.2784,-93.1338,100.18,55,100,5.75
318,Carnarvon,AU,2022-07-27 00:31:58,-24.8667,113.6333,65.61,37,100,6.02
319,Harrismith,ZA,2022-07-27 00:35:39,-28.2728,29.1295,42.89,42,6,3.24
320,Tessalit,ML,2022-07-27 00:35:39,20.1986,1.0114,94.42,10,5,3.91
321,Bathsheba,BB,2022-07-27 00:35:40,13.2167,-59.5167,81.21,87,20,17.27
322,Okahandja,NA,2022-07-27 00:36:40,-21.9833,16.9167,53.11,30,0,2.19
323,Richards Bay,ZA,2022-07-27 00:33:39,-28.783,32.0377,54.93,85,0,7.7
324,Bardiyah,LY,2022-07-27 00:36:41,31.7561,25.0865,77.27,80,0,14.2
325,Necochea,AR,2022-07-27 00:36:41,-38.5473,-58.7368,51.69,95,100,4.94
326,Vanimo,PG,2022-07-27 00:36:41,-2.6741,141.3028,85.17,65,94,5.57
327,Vila Franca Do Campo,PT,2022-07-27 00:36:42,37.7167,-25.4333,74.19,95,25,4.38
328,Rorvik,NO,2022-07-27 00:36:42,64.8621,11.2373,53.67,85,100,25.79
329,Usuki,JP,2022-07-27 00:36:42,33.1081,131.7878,81.97,67,6,5.61
330,Bubaque,GW,2022-07-27 00:36:43,11.2833,-15.8333,79.77,77,84,9.28
331,Tuensang,IN,2022-07-27 00:36:43,26.2833,94.8333,71.91,95,95,0.45
332,Sarankhola,BD,2022-07-27 00:36:43,22.3082,89.7897,80.91,84,58,1.19
333,Kemijarvi,FI,2022-07-27 00:36:44,66.7131,27.4306,60.49,95,100,10.98
334,Sabha,LY,2022-07-27 00:36:44,27.0377,14.4283,79.97,15,1,11.07
335,Sitka,US,2022-07-27 00:36:45,57.0531,-135.33,62.49,82,100,4.61
336,Taoudenni,ML,2022-07-27 00:36:45,22.6783,-3.9836,97.97,11,0,12.21
337,Znamenskoye,RU,2022-07-27 00:36:46,57.1281,73.8282,65.66,96,76,3.27
338,Kerema,PG,2022-07-27 00:36:46,-7.9631,145.7785,79.9,83,65,2.93
339,Hami,CN,2022-07-27 00:36:46,42.8,93.45,84.6,12,0,9.06
340,Sinegorskiy,RU,2022-07-27 00:36:47,48.0139,40.8447,64.35,84,100,3.85
341,Airai,TL,2022-07-27 00:36:47,-8.9266,125.4092,66.96,47,66,5.19
342,Carbonear,CA,2022-07-27 00:36:47,47.7332,-53.2148,69.64,97,100,12.75
343,Cabanas,CU,2022-07-27 00:36:48,22.9758,-82.9219,80.35,82,77,7.61
344,Oktyabrskoye,RU,2022-07-27 00:36:48,43.0645,44.7417,62.74,88,100,8.95
345,Palmer,US,2022-07-27 00:33:10,42.1584,-72.3287,72.95,69,40,5.75
346,Havre-Saint-Pierre,CA,2022-07-27 00:31:52,50.2334,-63.5986,57.56,88,0,9.22
347,Bonthe,SL,2022-07-27 00:36:49,7.5264,-12.505,76.05,82,100,4.29
348,Flin Flon,CA,2022-07-27 00:36:49,54.7682,-101.865,56.88,86,100,10.07
349,Hay River,CA,2022-07-27 00:36:50,60.8156,-115.7999,69.78,56,20,16.11
350,Muros,ES,2022-07-27 00:34:18,42.7762,-9.0603,64.09,80,0,11.23
351,Bac Giang,VN,2022-07-27 00:31:59,21.2667,106.2,82.47,73,0,5.06
352,Comodoro Rivadavia,AR,2022-07-27 00:36:50,-45.8667,-67.5,35.46,93,40,5.75
353,Darnah,LY,2022-07-27 00:36:51,32.767,22.6367,77.92,82,0,17.02
354,Kathu,TH,2022-07-27 00:36:51,7.9178,98.3332,85.69,96,42,8.79
355,Abu Samrah,SY,2022-07-27 00:36:51,35.3029,37.1841,74.37,49,0,6.17
356,Ulaangom,MN,2022-07-27 00:36:52,49.9811,92.0667,61.25,52,70,4.05
357,Kruisfontein,ZA,2022-07-27 00:36:52,-34.0033,24.7314,55.96,72,99,17.34
358,Peleduy,RU,2022-07-27 00:36:53,59.6289,112.7406,69.53,64,44,5.03
359,Zanjan,IR,2022-07-27 00:36:53,36.6736,48.4787,63.37,60,0,5.97
360,Wooster,US,2022-07-27 00:36:53,40.8051,-81.9351,79.05,72,0,5.75
361,Karratha,AU,2022-07-27 00:36:54,-20.7377,116.8463,73.02,28,3,13.6
362,El Rodeo,GT,2022-07-27 00:36:54,14.9167,-91.9667,73.89,96,89,2.17
363,Paamiut,GL,2022-07-27 00:36:09,61.994,-49.6678,41.74,94,19,18.32
364,Tucuman,AR,2022-07-27 00:36:54,-26.8241,-65.2226,69.8,78,75,2.3
365,Longyearbyen,SJ,2022-07-27 00:36:55,78.2186,15.6401,45.37,90,66,2.46
366,Maryville,US,2022-07-27 00:33:01,35.7565,-83.9705,84.45,81,100,9.22
367,Skegness,GB,2022-07-27 00:37:55,53.1436,0.3363,59.05,70,90,2.51
368,Benghazi,LY,2022-07-27 00:37:56,32.1167,20.0667,79.7,78,0,8.66
369,Alta Floresta,BR,2022-07-27 00:37:56,-9.8756,-56.0861,76.98,39,57,3.96
370,Along,IN,2022-07-27 00:37:57,28.1667,94.7667,76.12,95,99,0.54
371,Atambua,ID,2022-07-27 00:37:57,-9.1061,124.8925,78.15,52,59,5.19
372,Brawley,US,2022-07-27 00:37:57,32.9787,-115.5303,110.48,25,40,3.44
373,Bonavista,CA,2022-07-27 00:37:58,48.6499,-53.1147,62.73,94,14,16.69
374,Bhunya,SZ,2022-07-27 00:37:58,-26.55,31.0167,47.21,59,0,4.88
375,Kahului,US,2022-07-27 00:37:58,20.8947,-156.47,87.82,62,40,28.77
376,Klaksvik,FO,2022-07-27 00:37:59,62.2266,-6.589,50.92,83,99,7.38
377,Ambilobe,MG,2022-07-27 00:37:59,-13.2,49.05,67.23,83,97,3.89
378,Zambezi,ZM,2022-07-27 00:38:00,-13.5432,23.1047,51.08,50,0,5.95
379,Rockhampton,AU,2022-07-27 00:38:00,-23.3833,150.5,64.29,39,0,8.05
380,Pundri,IN,2022-07-27 00:38:00,29.75,76.55,82.27,72,100,9.33
381,Norcasia,CO,2022-07-27 00:38:01,5.5778,-74.8852,70.48,95,57,2.59
382,Port Augusta,AU,2022-07-27 00:38:01,-32.5,137.7667,55.56,53,100,4.92
383,Cermik,TR,2022-07-27 00:38:01,38.1361,39.4493,75.31,35,0,6.29
384,Ostersund,SE,2022-07-27 00:38:02,63.1792,14.6357,52.25,100,100,21.85
385,Miranda,CO,2022-07-27 00:34:03,3.2499,-76.2281,71.73,94,63,5.3
386,Anchorage,US,2022-07-27 00:38:02,61.2181,-149.9003,65.93,53,0,12.66
387,Mayo,US,2022-07-27 00:38:03,38.8876,-76.5119,77.41,87,100,4.94
388,Stornoway,GB,2022-07-27 00:38:03,58.2093,-6.3865,52.93,92,96,2.3
389,Tura,IN,2022-07-27 00:38:04,25.5198,90.2201,75.58,86,29,2.86
390,Lata,PT,2022-07-27 00:38:04,40.1629,-8.3327,55.06,97,7,1.95
391,Srivardhan,IN,2022-07-27 00:38:04,18.0333,73.0167,78.44,85,100,4.16
392,Grafton,US,2022-07-27 00:38:05,42.207,-71.6856,72.91,71,0,5.75
393,Potsdam,DE,2022-07-27 00:34:23,52.3989,13.0657,63.01,61,83,3.87
394,Lichuan,CN,2022-07-27 00:38:05,30.3,108.85,75.29,86,97,4.85
395,Berdigestyakh,RU,2022-07-27 00:33:10,62.0989,126.6992,77.88,46,6,6.11
396,Namibe,AO,2022-07-27 00:38:06,-15.1961,12.1522,61.59,82,0,4.47
397,Kismayo,SO,2022-07-27 00:38:06,-0.3582,42.5454,75.07,76,46,16.71
398,Sorong,ID,2022-07-27 00:38:06,-0.8833,131.25,81.72,77,83,7.72
399,Inirida,CO,2022-07-27 00:38:07,3.8653,-67.9239,74.48,92,100,2.51
400,Watertown,US,2022-07-27 00:35:27,42.3709,-71.1828,76.01,59,0,10.0
401,General Pico,AR,2022-07-27 00:38:07,-35.6566,-63.7568,62.82,92,100,7.52
402,Pokrovskoye,RU,2022-07-27 00:38:08,47.4157,38.8971,64.18,87,0,3.53
403,Quezon,PH,2022-07-27 00:38:08,7.7303,125.0989,82.29,74,26,2.15
404,Ankazoabo,MG,2022-07-27 00:38:09,-22.2833,44.5167,56.35,77,0,8.43
405,Seydisehir,TR,2022-07-27 00:38:09,37.4193,31.8453,61.12,57,0,1.86
406,Pangnirtung,CA,2022-07-27 00:38:09,66.1451,-65.7125,48.04,77,33,3.67
407,Tias,ES,2022-07-27 00:38:10,28.9611,-13.645,74.88,73,0,26.46
408,Trebinje,BA,2022-07-27 00:38:10,42.7119,18.3442,74.75,83,0,8.05
409,Banos,EC,2022-07-27 00:38:10,-1.4,-78.4167,59.11,97,100,1.99
410,Rancho Palos Verdes,US,2022-07-27 00:36:09,33.7445,-118.387,84.42,79,20,17.27
411,Roald,NO,2022-07-27 00:38:11,62.5833,6.1333,53.17,87,75,8.05
412,Salinas,US,2022-07-27 00:35:03,36.6777,-121.6555,77.81,64,20,16.11
413,Hurghada,EG,2022-07-27 00:39:12,27.2574,33.8129,87.84,19,0,10.36
414,Staroaleyskoye,RU,2022-07-27 00:39:12,51.0061,82.0,65.82,49,100,4.9
415,Santiago Del Estero,AR,2022-07-27 00:39:13,-27.7951,-64.2615,80.62,49,96,6.82
416,Batabano,CU,2022-07-27 00:39:13,22.7164,-82.2881,79.41,76,42,3.8
417,Tiarei,PF,2022-07-27 00:39:13,-17.5333,-149.3333,82.42,81,90,11.79
418,Kafr Abil,JO,2022-07-27 00:39:14,32.4175,35.6694,70.3,57,0,2.13
419,Conceicao Da Barra,BR,2022-07-27 00:39:14,-18.5933,-39.7322,69.26,88,60,5.5
420,Bend,US,2022-07-27 00:39:14,44.0582,-121.3153,100.26,14,0,11.01
421,Wajima,JP,2022-07-27 00:39:15,37.4,136.9,81.28,78,75,2.3
422,Mayma,RU,2022-07-27 00:39:15,52.0197,85.9114,60.73,70,1,3.38
423,Mayor Pablo Lagerenza,PY,2022-07-27 00:39:16,-19.9309,-60.7718,77.25,33,3,6.38
424,Gisborne,NZ,2022-07-27 00:39:16,-38.6533,178.0042,59.54,68,100,16.67
425,Vila Velha,BR,2022-07-27 00:34:28,-20.3297,-40.2925,70.95,87,20,0.0
426,Ilam,NP,2022-07-27 00:39:17,26.9167,87.9167,70.11,94,100,1.45
427,Yarada,IN,2022-07-27 00:35:49,17.65,83.2667,82.26,77,100,0.43
428,Ajaigarh,IN,2022-07-27 00:39:17,24.9,80.2667,77.09,91,100,5.64
429,Sao Miguel Do Araguaia,BR,2022-07-27 00:39:18,-13.275,-50.1628,73.49,36,6,2.84
430,Yar-Sale,RU,2022-07-27 00:39:18,66.8333,70.8333,51.44,80,100,6.33
431,Coquimbo,CL,2022-07-27 00:39:18,-29.9533,-71.3436,55.13,94,75,2.3
432,Jalu,LY,2022-07-27 00:39:19,29.0331,21.5482,83.93,30,5,16.96
433,Tefe,BR,2022-07-27 00:39:19,-3.3542,-64.7114,76.24,83,16,1.95
434,Phan Thiet,VN,2022-07-27 00:39:19,10.9333,108.1,82.35,71,81,1.99
435,Clonakilty,IE,2022-07-27 00:39:20,51.6231,-8.8706,56.41,69,100,2.51
436,Rafaela,AR,2022-07-27 00:39:20,-31.2503,-61.4867,73.98,50,20,7.34
437,Meulaboh,ID,2022-07-27 00:36:52,4.1363,96.1285,75.72,88,100,4.76
438,Puri,IN,2022-07-27 00:39:21,19.8,85.85,81.12,76,95,6.06
439,Igarka,RU,2022-07-27 00:39:21,67.4667,86.5833,59.32,57,0,0.56
440,Viedma,AR,2022-07-27 00:39:21,-40.8135,-62.9967,49.06,97,100,5.39
441,Chapleau,CA,2022-07-27 00:39:22,47.8405,-83.4034,69.89,49,75,6.91
442,Poso,ID,2022-07-27 00:39:22,-1.3959,120.7524,80.83,82,100,3.71
443,La Baule-Escoublac,FR,2022-07-27 00:39:22,47.2922,-2.364,58.66,80,0,5.75
444,Pachino,IT,2022-07-27 00:39:23,36.7186,15.0907,80.56,74,0,4.65
445,Snyder,US,2022-07-27 00:36:30,32.7179,-100.9176,100.31,19,0,8.05
446,Sioni,GE,2022-07-27 00:39:23,41.9895,45.0239,61.16,92,100,0.98
447,Alofi,NU,2022-07-27 00:39:24,-19.0595,-169.9187,78.69,100,40,14.97
448,Livramento,BR,2022-07-27 00:39:24,-3.0254,-60.1803,86.67,83,20,2.3
449,Xichang,CN,2022-07-27 00:39:24,27.8964,102.2634,69.04,91,100,1.16
450,Vestmannaeyjar,IS,2022-07-27 00:39:25,63.4427,-20.2734,53.47,99,100,14.05
451,Jackson,US,2022-07-27 00:39:25,42.4165,-122.8345,105.93,20,0,13.8
452,Suzun,RU,2022-07-27 00:39:26,53.7841,82.3116,66.18,61,93,2.44
453,Ahuimanu,US,2022-07-27 00:39:26,21.4447,-157.8378,83.91,72,100,20.71
454,Aklavik,CA,2022-07-27 00:39:26,68.2191,-135.0107,66.29,33,100,19.35
455,Russell,US,2022-07-27 00:39:27,32.3502,-85.1999,89.2,66,20,3.44
456,Ojinaga,MX,2022-07-27 00:39:27,29.5667,-104.4167,94.15,33,0,3.44
457,Carutapera,BR,2022-07-27 00:40:28,-1.195,-46.02,76.77,86,95,6.76
458,Upanema,BR,2022-07-27 00:40:28,-5.6419,-37.2578,77.4,67,100,11.81
459,Abu Zabad,SD,2022-07-27 00:40:29,12.35,29.25,75.63,79,100,2.26
460,Tutoia,BR,2022-07-27 00:40:29,-2.7619,-42.2744,77.29,82,100,8.12
461,Sangar,RU,2022-07-27 00:40:29,63.9242,127.4739,77.13,56,11,2.68
462,Jinchang,CN,2022-07-27 00:40:30,38.4953,102.1739,75.96,28,0,9.62
463,Mazatlan,MX,2022-07-27 00:40:30,23.2167,-106.4167,88.02,80,40,10.36
464,Mercedes,AR,2022-07-27 00:40:30,-34.6515,-59.4307,66.04,95,78,6.46
465,Ilulissat,GL,2022-07-27 00:40:31,69.2167,-51.1,44.62,93,100,6.91
466,San Diego De Los Banos,CU,2022-07-27 00:40:31,22.6467,-83.3697,78.28,81,41,3.31
467,Jiwani,PK,2022-07-27 00:40:32,25.05,61.7417,82.02,82,88,14.14
468,Rawson,AR,2022-07-27 00:40:32,-43.3002,-65.1023,45.14,95,100,10.85
469,Saint George,US,2022-07-27 00:40:32,37.1041,-113.5841,96.8,30,0,5.99
470,Zeya,RU,2022-07-27 00:39:31,53.75,127.2667,81.77,52,67,5.46
471,Rossland,CA,2022-07-27 00:40:33,49.0831,-117.8022,86.61,36,6,2.28
472,The Valley,AI,2022-07-27 00:40:33,18.217,-63.0578,82.26,79,4,17.72
473,Nabire,ID,2022-07-27 00:40:34,-3.3667,135.4833,82.17,73,98,1.52
474,Taiyuan,CN,2022-07-27 00:40:34,37.8694,112.5603,71.46,88,100,2.24
475,Mayumba,GA,2022-07-27 00:40:34,-3.432,10.6554,68.27,92,11,2.86
476,Opuwo,NA,2022-07-27 00:40:35,-18.0607,13.84,57.9,31,74,3.89
477,Prince Rupert,CA,2022-07-27 00:37:00,54.3161,-130.3201,73.09,82,0,25.32
478,Reforma,MX,2022-07-27 00:40:35,18.1,-91.0167,74.97,94,100,14.23
479,Dajabon,DO,2022-07-27 00:40:36,19.5488,-71.7083,81.12,68,81,9.42
480,Gizo,SB,2022-07-27 00:40:36,-8.103,156.8419,83.73,70,62,4.81
481,Lakes Entrance,AU,2022-07-27 00:40:36,-37.8811,147.981,57.16,69,21,13.78
482,Ukiah,US,2022-07-27 00:40:37,39.1502,-123.2078,97.43,34,0,11.5
483,Tianpeng,CN,2022-07-27 00:40:37,30.9866,103.9393,75.67,72,11,2.89
484,Kieta,PG,2022-07-27 00:40:38,-6.2167,155.6333,84.83,67,54,3.83
485,Elko,US,2022-07-27 00:40:38,41.0002,-115.5012,95.23,7,100,1.01
486,Cayenne,GF,2022-07-27 00:40:37,4.9333,-52.3333,77.09,1,75,0.0
487,Isangel,VU,2022-07-27 00:40:39,-19.55,169.2667,84.31,74,75,4.61
488,Dingle,PH,2022-07-27 00:40:39,10.9995,122.6711,84.38,77,75,8.79
489,Karpathos,GR,2022-07-27 00:40:40,35.507,27.2132,75.16,78,0,25.32
490,Tahe,CN,2022-07-27 00:40:40,52.3333,124.7333,78.87,66,100,6.04
491,Golden,US,2022-07-27 00:40:40,39.7555,-105.2211,83.07,55,75,5.99
492,Mandal,IN,2022-07-27 00:40:41,25.45,74.5667,75.81,90,100,6.91
493,Clinton,US,2022-07-27 00:39:36,42.587,-82.9199,79.12,62,40,8.05
494,Makakilo City,US,2022-07-27 00:40:41,21.3469,-158.0858,82.72,62,100,20.71
495,Chastyye,RU,2022-07-27 00:40:42,57.2888,54.9728,56.64,88,0,6.69
496,Kudahuvadhoo,MV,2022-07-27 00:40:42,2.6708,72.8944,81.12,78,69,16.06
497,Kasempa,ZM,2022-07-27 00:40:42,-13.4584,25.8338,50.95,56,0,4.88
498,Mersing,MY,2022-07-27 00:40:43,2.4312,103.8405,76.91,94,40,3.44
499,Saint-Augustin,CA,2022-07-27 00:41:43,51.226,-58.6502,60.93,76,2,17.11
500,Bayji,IQ,2022-07-27 00:41:44,34.9311,43.487,86.92,14,0,11.16
501,Iquitos,PE,2022-07-27 00:41:40,-3.7481,-73.2472,77.04,94,20,3.44
502,Lasa,IT,2022-07-27 00:41:44,46.6166,10.7002,67.08,90,100,2.08
503,Novo Aripuana,BR,2022-07-27 00:41:44,-5.1206,-60.3797,82.22,47,98,1.54
504,Arawa,PG,2022-07-27 00:41:45,-6.2132,155.5367,86.94,63,23,4.38
505,Qandala,SO,2022-07-27 00:41:45,11.472,49.8728,87.82,46,13,10.94
506,Harsin,IR,2022-07-27 00:41:45,34.2721,47.5861,63.41,20,4,0.4
507,Huanuni,BO,2022-07-27 00:41:46,-18.2667,-66.85,43.11,39,69,4.05
508,Tateyama,JP,2022-07-27 00:41:46,34.9833,139.8667,85.1,85,75,14.79
509,Ventspils,LV,2022-07-27 00:41:47,57.3894,21.5606,64.33,68,75,11.5
510,Ariquemes,BR,2022-07-27 00:38:25,-9.9133,-63.0408,76.24,45,5,1.48
511,Buala,SB,2022-07-27 00:41:47,-8.145,159.5921,84.65,69,100,5.79
512,Akhmim,EG,2022-07-27 00:41:48,26.5622,31.745,80.8,16,0,5.14
513,Alice Springs,AU,2022-07-27 00:41:48,-23.7,133.8833,47.75,57,0,9.22
514,College,US,2022-07-27 00:41:48,64.8569,-147.8028,55.09,71,100,13.8
515,Maturin,VE,2022-07-27 00:37:28,9.75,-63.1767,73.87,92,79,6.24
516,West Bay,KY,2022-07-27 00:41:49,19.3667,-81.4167,86.07,80,40,10.36
517,Tongling,CN,2022-07-27 00:41:49,30.95,117.7833,84.6,80,5,3.53
518,Labuhan,ID,2022-07-27 00:41:50,-6.8844,112.2051,78.94,72,24,7.81
519,Mount Isa,AU,2022-07-27 00:41:50,-20.7333,139.5,62.37,34,0,11.5
520,San Quintin,MX,2022-07-27 00:39:45,30.4833,-115.95,70.56,73,1,12.5
521,Egvekinot,RU,2022-07-27 00:41:50,66.3167,-179.1667,44.76,60,100,3.22
522,Porbandar,IN,2022-07-27 00:41:51,21.6422,69.6093,81.19,83,84,10.31
523,Qarchak,IR,2022-07-27 00:41:51,35.4394,51.5689,83.07,33,1,6.64
524,Deputatskiy,RU,2022-07-27 00:41:51,69.3,139.9,58.24,52,21,10.76
525,Rudbar,AF,2022-07-27 00:41:52,30.15,62.6,85.57,62,5,7.7
526,Imbituba,BR,2022-07-27 00:41:52,-28.24,-48.6703,64.09,97,16,5.99
527,Fairbanks,US,2022-07-27 00:40:34,64.8378,-147.7164,55.09,71,75,13.8
528,Teya,RU,2022-07-27 00:41:53,60.3778,92.6267,56.25,95,100,7.9
529,Komsomolskiy,UZ,2022-07-27 00:41:53,40.4272,71.7189,81.32,34,4,4.61
530,Churapcha,RU,2022-07-27 00:41:53,62.0025,132.4325,79.03,40,92,3.69
531,Hualmay,PE,2022-07-27 00:41:54,-11.0964,-77.6139,62.4,83,88,12.01
532,Arak,IR,2022-07-27 00:41:54,34.0917,49.6892,72.9,42,0,1.7
533,Jiehu,CN,2022-07-27 00:41:55,35.5428,118.455,79.86,80,4,7.78
534,Haifa,IL,2022-07-27 00:39:08,32.8156,34.9892,77.41,71,0,3.47
535,Kysyl-Syr,RU,2022-07-27 00:41:55,63.8986,122.7617,79.03,54,5,9.46
536,Yanji,CN,2022-07-27 00:41:55,42.9075,129.5078,82.02,74,27,1.99
537,Elizabeth City,US,2022-07-27 00:41:56,36.2946,-76.2511,78.03,95,92,3.0
538,Palaikastron,GR,2022-07-27 00:41:56,35.2,26.25,76.53,64,0,17.38
539,Chapais,CA,2022-07-27 00:41:57,49.7834,-74.8492,56.98,91,93,2.93
